ID,Name,Games,EventID,Medal
1,A Dijiang,1992 Summer,60,
2,A Lamusi,2012 Summer,159,
5,Christine Jacoba Aaftink,1988 Winter,220,
5,Christine Jacoba Aaftink,1988 Winter,218,
5,Christine Jacoba Aaftink,1992 Winter,220,
5,Christine Jacoba Aaftink,1992 Winter,218,
5,Christine Jacoba Aaftink,1994 Winter,220,
5,Christine Jacoba Aaftink,1994 Winter,218,
6,Per Knut Aaland,1992 Winter,92,
6,Per Knut Aaland,1992 Winter,97,
6,Per Knut Aaland,1992 Winter,93,
6,Per Knut Aaland,1992 Winter,96,
6,Per Knut Aaland,1994 Winter,92,
6,Per Knut Aaland,1994 Winter,95,
6,Per Knut Aaland,1994 Winter,93,
6,Per Knut Aaland,1994 Winter,96,
7,John Aalberg,1992 Winter,92,
7,John Aalberg,1992 Winter,97,
7,John Aalberg,1992 Winter,93,
7,John Aalberg,1992 Winter,96,
7,John Aalberg,1994 Winter,92,
7,John Aalberg,1994 Winter,95,
7,John Aalberg,1994 Winter,93,
7,John Aalberg,1994 Winter,96,
9,Antti Sami Aalto,2002 Winter,157,
11,Jorma Ilmari Aalto,1980 Winter,95,
12,Jyri Tapani Aalto,2000 Summer,58,
13,Minna Maarit Aalto,1996 Summer,198,
13,Minna Maarit Aalto,2000 Summer,198,
16,Juhamatti Tapio Aaltonen,2014 Winter,157,Bronze
17,Paavo Johannes Aaltonen,1948 Summer,143,Bronze
17,Paavo Johannes Aaltonen,1948 Summer,147,Gold
17,Paavo Johannes Aaltonen,1948 Summer,140,
17,Paavo Johannes Aaltonen,1948 Summer,142,Gold
17,Paavo Johannes Aaltonen,1948 Summer,144,
17,Paavo Johannes Aaltonen,1948 Summer,141,
17,Paavo Johannes Aaltonen,1948 Summer,146,
17,Paavo Johannes Aaltonen,1948 Summer,145,Gold
17,Paavo Johannes Aaltonen,1952 Summer,143,
17,Paavo Johannes Aaltonen,1952 Summer,147,Bronze
17,Paavo Johannes Aaltonen,1952 Summer,140,
17,Paavo Johannes Aaltonen,1952 Summer,142,
17,Paavo Johannes Aaltonen,1952 Summer,144,
17,Paavo Johannes Aaltonen,1952 Summer,141,
17,Paavo Johannes Aaltonen,1952 Summer,146,
17,Paavo Johannes Aaltonen,1952 Summer,145,
18,Timo Antero Aaltonen,2000 Summer,36,
20,Kjetil Andr Aamodt,1992 Winter,2,
20,Kjetil Andr Aamodt,1992 Winter,5,Gold
20,Kjetil Andr Aamodt,1992 Winter,3,Bronze
20,Kjetil Andr Aamodt,1992 Winter,4,
20,Kjetil Andr Aamodt,1994 Winter,2,Silver
20,Kjetil Andr Aamodt,1994 Winter,5,Bronze
20,Kjetil Andr Aamodt,1994 Winter,3,
20,Kjetil Andr Aamodt,1994 Winter,4,
20,Kjetil Andr Aamodt,1994 Winter,1,Silver
20,Kjetil Andr Aamodt,1998 Winter,2,
20,Kjetil Andr Aamodt,1998 Winter,5,
20,Kjetil Andr Aamodt,1998 Winter,3,
20,Kjetil Andr Aamodt,1998 Winter,1,
20,Kjetil Andr Aamodt,2002 Winter,2,
20,Kjetil Andr Aamodt,2002 Winter,5,Gold
20,Kjetil Andr Aamodt,2002 Winter,3,
20,Kjetil Andr Aamodt,2002 Winter,4,
20,Kjetil Andr Aamodt,2002 Winter,1,Gold
20,Kjetil Andr Aamodt,2006 Winter,2,
20,Kjetil Andr Aamodt,2006 Winter,5,Gold
22,Andreea Aanei,2016 Summer,276,
23,Fritz Aanes,2000 Summer,286,
23,Fritz Aanes,2004 Summer,286,
30,Pepijn Aardewijn,1996 Summer,182,Silver
30,Pepijn Aardewijn,2000 Summer,182,
33,Mika Lauri Aarnikka,1992 Summer,193,
33,Mika Lauri Aarnikka,1996 Summer,193,
35,Dagfinn Sverre Aarskog,1998 Winter,68,
36,Stefan Remco Aartsen,1996 Summer,223,
36,Stefan Remco Aartsen,1996 Summer,226,
36,Stefan Remco Aartsen,1996 Summer,230,
36,Stefan Remco Aartsen,2000 Summer,223,
36,Stefan Remco Aartsen,2000 Summer,226,
37,Ann Kristin Aarnes,1996 Summer,135,Bronze
43,Morten Gjerdrum Aasen,1992 Summer,120,
44,Meelis Aasme,1998 Winter,95,
44,Meelis Aasme,1998 Winter,97,
44,Meelis Aasme,2002 Winter,94,
44,Meelis Aasme,2002 Winter,97,
44,Meelis Aasme,2002 Winter,96,
46,Hans Aasns,1936 Summer,202,
46,Hans Aasns,1948 Summer,202,
46,Hans Aasns,1952 Summer,206,
46,Hans Aasns,1956 Summer,206,
46,Hans Aasns,1960 Summer,206,
47,Erling Rudolf Aastad,1920 Summer,20,
47,Erling Rudolf Aastad,1920 Summer,33,
47,Erling Rudolf Aastad,1924 Summer,33,
47,Erling Rudolf Aastad,1928 Summer,33,
49,Moonika Aava,2004 Summer,54,
49,Moonika Aava,2008 Summer,54,
50,Arvi Aavik,1992 Summer,283,
50,Arvi Aavik,1996 Summer,283,
51,Nstor Abad Sanjun,2016 Summer,143,
51,Nstor Abad Sanjun,2016 Summer,140,
51,Nstor Abad Sanjun,2016 Summer,144,
51,Nstor Abad Sanjun,2016 Summer,141,
51,Nstor Abad Sanjun,2016 Summer,146,
51,Nstor Abad Sanjun,2016 Summer,145,
52,Patrick Abada,1976 Summer,35,
53,Talaat Abada,2000 Summer,252,
55,Antonio Abadia Beci,2016 Summer,24,
57,Borislav Abadzhiev,1988 Summer,77,
59,Ivan Nikolov Abadzhiev,1956 Summer,268,
59,Ivan Nikolov Abadzhiev,1960 Summer,270,
60,Mikhail Abadzhiev,1960 Summer,270,
61,Stefan Abadzhiev,1960 Summer,134,
62,Giovanni Abagnale,2016 Summer,180,Bronze
63,Jos Luis Abajo Gmez,2008 Summer,127,Bronze
65,Patimat Abakarova,2016 Summer,255,Bronze
68,Pablo Martn Abal,2000 Summer,223,
68,Pablo Martn Abal,2000 Summer,230,
69,Tamara Abalde Daz,2008 Summer,61,
70,Jess Iory Aball Martnez,2000 Summer,113,
71,Juan Antonio Aball Delgado,1992 Summer,84,
71,Juan Antonio Aball Delgado,1992 Summer,83,
72,Aleksey Aleksandrovich Abalmasov,2004 Summer,87,
72,Aleksey Aleksandrovich Abalmasov,2008 Summer,87,Gold
73,Luc Abalo,2008 Summer,154,Gold
73,Luc Abalo,2012 Summer,154,Gold
73,Luc Abalo,2016 Summer,154,Silver
74,Mara Laura Abalo,2012 Summer,185,
75,Giorgos Abalof,2004 Summer,127,
76,Jouan Patrice Abanda Etong,2000 Summer,134,Gold
77,Antoine Abang,1968 Summer,79,
80,Jos Mara Abarca Plotas,1996 Summer,262,Gold
81,Georgios Abaris,2004 Summer,134,
82,Enrique Abaroa Martnez,2000 Summer,256,
84,Stephen Anthony Abas,2004 Summer,279,Silver
85,Alejandro Abascal Garca,1976 Summer,195,
85,Alejandro Abascal Garca,1980 Summer,195,Gold
85,Alejandro Abascal Garca,1984 Summer,195,
86,Jos Manuel Abascal Gmez,1980 Summer,13,
86,Jos Manuel Abascal Gmez,1984 Summer,13,Bronze
90,Tamila Rashidovna Abasova,2004 Summer,112,Silver
90,Tamila Rashidovna Abasova,2004 Summer,109,
91,Emanuele Abate,2012 Summer,16,
92,Ignazio Abate,2008 Summer,134,
93,Jol Marc Abati,2004 Summer,154,
93,Jol Marc Abati,2008 Summer,154,Gold
95,Georgia Abatzidou,2004 Summer,55,
96,Carlos Rodolfo Abaunza Balladares,2004 Summer,15,
97,Carlos Alberto Abaunza,1976 Summer,31,
98,Hctor Abaunza,1968 Summer,123,
98,Hctor Abaunza,1968 Summer,124,
98,Hctor Abaunza,1968 Summer,126,
99,Pter Abay,1992 Summer,126,Silver
101,Adeyemi Abayomi,1972 Summer,78,
105,Ilyas Abbadi,2012 Summer,81,
105,Ilyas Abbadi,2016 Summer,79,
106,Agostino Abbagnale,1988 Summer,183,Gold
106,Agostino Abbagnale,1996 Summer,181,Gold
106,Agostino Abbagnale,2000 Summer,183,Gold
107,Carmine Abbagnale,1984 Summer,178,Gold
107,Carmine Abbagnale,1988 Summer,178,Gold
107,Carmine Abbagnale,1992 Summer,178,Silver
107,Carmine Abbagnale,1996 Summer,176,
108,Giuseppe Abbagnale,1980 Summer,178,
108,Giuseppe Abbagnale,1984 Summer,178,Gold
108,Giuseppe Abbagnale,1988 Summer,178,Gold
108,Giuseppe Abbagnale,1992 Summer,178,Silver
110,Abubakar Abbas Abbas,2016 Summer,22,
111,Aqarab Abbas,1996 Summer,30,
112,Aziz Abbas,1964 Summer,268,
114,Essa Abbas Faleh Hashem,1980 Summer,33,
115,Ghulam Abbas,1992 Summer,23,
117,Maher Abbas,1988 Summer,22,
117,Maher Abbas,1988 Summer,26,
118,Mahmoud Abbas,2000 Summer,106,
120,Mohammed Abbas Sabih,2004 Summer,224,
121,Muhammad Abbas,2010 Winter,3,
122,Nader Sufyan Abbas,2004 Summer,270,
123,Sohail Abbas,2000 Summer,156,
123,Sohail Abbas,2004 Summer,156,
123,Sohail Abbas,2012 Summer,156,
125,Zulkifli Abbas,1984 Summer,156,
126,Forough Abbasi,2014 Winter,8,
127,Shakeel Abbasi,2004 Summer,156,
127,Shakeel Abbasi,2008 Summer,156,
127,Shakeel Abbasi,2012 Summer,156,
128,Soulmaz Abbasi Azad,2012 Summer,189,
129,Ruslan Abbasov,2008 Summer,15,
130,Tural Abbasov,2008 Summer,234,
131,Tran Abbasova,2000 Summer,271,
132,Simona Abbate,2012 Summer,263,
134,Christian Abbiati,2000 Summer,134,
135,Lois Abbingh,2016 Summer,155,
136,Alessandro Abbio,2000 Summer,60,
137,Giordano Giulio Abbondati,1964 Winter,131,
137,Giordano Giulio Abbondati,1968 Winter,131,
138,Salwan Jasim Abbood Abbood,2016 Summer,266,
141,Clare Abbott,2016 Summer,121,
141,Clare Abbott,2016 Summer,122,
144,Geoffrey Grant Abbott,2008 Summer,156,
145,Jeremy Abbott,2010 Winter,131,
145,Jeremy Abbott,2014 Winter,131,
145,Jeremy Abbott,2014 Winter,133,Bronze
146,Jeremy Abbott,1976 Summer,83,
147,Joanne Abbott,1996 Summer,194,
149,Mara Katherine Abbott,2016 Summer,111,
152,Matt Abbott,2000 Summer,194,
153,Monica Cecilia Abbott,2008 Summer,214,Silver
154,Khadija Abbouda,2008 Summer,12,
160,Ali Abdalla Afringi,2008 Summer,24,
161,Hossam Abdalla,2016 Summer,260,
165,Nia Nicole Abdallah,2004 Summer,254,Silver
166,Omari Abdallah,1964 Summer,34,
166,Omari Abdallah,1972 Summer,21,
168,Younis Abdallah Rabee,1972 Summer,15,
169,Raida Abdallah Bader,1984 Summer,45,
170,Maha Abdalsalam Gouda,2016 Summer,115,
171,Mahmoud Abdel Aziz,2000 Summer,260,
172,Mohamed Abdel Ellah,2000 Summer,200,
177,Mohamed Abdel Fattah,2000 Summer,106,
178,Sayed Abdel Gadir,1960 Summer,71,
178,Sayed Abdel Gadir,1968 Summer,78,
180,Heba Abdel Gawad,2000 Summer,244,
180,Heba Abdel Gawad,2004 Summer,244,
181,Sara Abdel Gawad,2000 Summer,244,
184,Ragy Abdel Hady,2004 Summer,262,
187,Moustafa Ali Abdel Halim,1976 Summer,265,
188,Mohamed Abdel Hamed,1984 Summer,260,
196,Mohamed Abdel Khaled,1976 Summer,154,
197,Abdel Latif Abdel Latif,1988 Summer,288,
199,Amir Abdel Meguid,1984 Summer,60,
199,Amir Abdel Meguid,1988 Summer,60,
201,Karim Abdel Mohsen,2004 Summer,262,
202,Awad Abdel Nabi Awad,1972 Summer,60,
202,Awad Abdel Nabi Awad,1976 Summer,60,
203,Ahmed Abdel Naeim,2008 Summer,260,
203,Ahmed Abdel Naeim,2016 Summer,260,
204,Moustafa Abdel Naser,1996 Summer,22,
210,Khaled Abdel Rahman,1984 Summer,260,
212,Yasser Abdel Rahman Sakr,2008 Summer,291,
213,Samy Abdel Razek,2008 Summer,201,
213,Samy Abdel Razek,2016 Summer,199,
213,Samy Abdel Razek,2016 Summer,201,
215,Ibrahim Ahmed Abdel Rehim,2004 Summer,128,
216,Kamal Abdel Rehim,2000 Summer,179,
217,Reskalla Mohamed Abdel Rehim,2000 Summer,74,
218,Ahmed Ali Abdel Samad,2000 Summer,80,
222,Mohamed Said Abdel Wehab,1976 Summer,74,
227,Ahmed Abdelaal,2016 Summer,260,
228,Mahmoud Abdelaal,2016 Summer,78,
229,Mohamed Ali Abdelaal,2016 Summer,162,
232,Ibrahim Ramadan Ibrahim Abdelbaki,2012 Summer,270,
232,Ibrahim Ramadan Ibrahim Abdelbaki,2016 Summer,270,
233,Aziza Abdelfattah,2008 Summer,246,
236,Ragab Abdelhay Saad Abdelrazek Abdallah,2012 Summer,267,
236,Ragab Abdelhay Saad Abdelrazek Abdallah,2016 Summer,269,
238,Mohamed Abdellah,2004 Summer,200,
238,Mohamed Abdellah,2008 Summer,200,
239,Ayoub Abdellaoui,2016 Summer,134,
240,Leila Abdelmoez,2016 Summer,246,
241,Sayed Abdelmonem Sayed Hamed,2012 Summer,288,
242,Ahmed Abdelrahman,2016 Summer,159,
244,Raouf Abdelraouf,2000 Summer,143,
244,Raouf Abdelraouf,2000 Summer,142,
244,Raouf Abdelraouf,2000 Summer,144,
244,Raouf Abdelraouf,2000 Summer,146,
244,Raouf Abdelraouf,2000 Summer,145,
246,Mamdouh Abdelrehim,2016 Summer,260,
248,Rda Abdenouz,1988 Summer,26,
248,Rda Abdenouz,1992 Summer,26,
249,Mouni Abderrahim,2008 Summer,261,
249,Mouni Abderrahim,2012 Summer,261,
250,Saeid Morad Abdevali,2012 Summer,293,
250,Saeid Morad Abdevali,2016 Summer,290,Bronze
251,Bashir Abdi,2016 Summer,24,
251,Bashir Abdi,2016 Summer,14,
252,Youcef Abdi,2008 Summer,19,
252,Youcef Abdi,2012 Summer,19,
253,Jamal Abdi Hassan Abdullah,1992 Summer,19,
253,Jamal Abdi Hassan Abdullah,1996 Summer,19,
254,Talal Omar Abdillahi,1988 Summer,14,
254,Talal Omar Abdillahi,1992 Summer,34,
257,Ali Abdo,2000 Summer,293,
257,Ali Abdo,2004 Summer,289,
257,Ali Abdo,2008 Summer,289,
259,Reema Abdo,1984 Summer,235,
259,Reema Abdo,1984 Summer,236,
259,Reema Abdo,1984 Summer,240,Bronze
261,Nasrollah Abdollahi,1976 Summer,134,
262,Yhyacinthe Mewoli Abdon,2012 Summer,78,
263,Hassane Abdou,1996 Summer,22,
264,Justin Abdou,2000 Summer,285,
266,Raouf Abdou,2004 Summer,169,
269,Fawziya Abdoulkarim,2016 Summer,261,
272,Berik Abdrakhmanov,2016 Summer,78,
273,Maizurah Abdul Rahim,2016 Summer,44,
275,Bashir Abdullah Abdul Aziz,2000 Summer,134,
276,Chairil Anwar Abdul Aziz,1996 Summer,156,
276,Chairil Anwar Abdul Aziz,2000 Summer,156,
277,Shaimaa Abdul Aziz,2000 Summer,250,
277,Shaimaa Abdul Aziz,2000 Summer,249,
277,Shaimaa Abdul Aziz,2008 Summer,250,
279,Jefri Kiko Bolkiah Abdul Hakeem,1996 Summer,204,
279,Jefri Kiko Bolkiah Abdul Hakeem,2000 Summer,204,
280,Mohamed Abdul Hamid,2000 Summer,234,
282,Hadi Abdul Jabbar,1960 Summer,266,
282,Hadi Abdul Jabbar,1964 Summer,266,
283,Mohamed Abed Abdul Jawad,1984 Summer,134,
287,Taha Abdul Karim,1960 Summer,78,
289,Abdul Haji Abdul Latheef,1988 Summer,34,
291,Majed Ahmed Abdul Mohamed,1984 Summer,134,
292,Firouz Abdul Mohammadian,1976 Summer,262,
293,Hussam Abdul Rahman,1984 Summer,205,
295,Suleman Abdul Rahman,1972 Summer,106,
296,Zambrose Abdul Rahman,1968 Summer,23,
297,Lala Abdul Rashid,1960 Summer,156,Gold
298,Muhammad Abdul Rashid,1964 Summer,156,Silver
305,Samir Ahmed Abdul Shakour,1984 Summer,134,
310,Patmawati Abdul Wahid,2004 Summer,274,
315,Mona Ahmad Abdulaziz Hassanein,2012 Summer,130,
316,Zagalav Abdulbekovich Abdulbekov,1972 Summer,279,Gold
321,Ahmad Hassan Abdullah,2008 Summer,14,
322,Ahmed Ghanim Abdullah,1988 Summer,226,
331,Wan Azlan Abdullah,1996 Summer,228,
331,Wan Azlan Abdullah,1996 Summer,233,
331,Wan Azlan Abdullah,1996 Summer,230,
331,Wan Azlan Abdullah,2000 Summer,233,
335,Abdulqdir Abdullayev,2016 Summer,73,
336,Arif Yadulla Abdullayev,1996 Summer,277,
336,Arif Yadulla Abdullayev,2000 Summer,279,
337,Mukhammad Kadyr Abdullayev,1996 Summer,78,
337,Mukhammad Kadyr Abdullayev,2000 Summer,77,Gold
338,Muminzhon Abdullayev,2012 Summer,291,
338,Muminzhon Abdullayev,2016 Summer,291,
339,Namiq Yadulla Abdullayev,1996 Summer,281,Silver
339,Namiq Yadulla Abdullayev,2000 Summer,277,Gold
339,Namiq Yadulla Abdullayev,2004 Summer,279,
340,Laye Abdullayeva,2012 Summer,50,
341,lqar Abdulov,2008 Summer,290,
343,Abir Abdulrahman Khalil Mahmoud Khalil,2008 Summer,273,
343,Abir Abdulrahman Khalil Mahmoud Khalil,2012 Summer,272,
349,Waheed Abdulridha Waheed Karaawi,2016 Summer,79,
352,Sherzod Abdurahmonov,2004 Summer,79,
353,Rasul Abduraim,2008 Summer,251,
353,Rasul Abduraim,2012 Summer,253,
354,Bekzod Makhamadzhonovich Abdurakhmonov,2016 Summer,289,
355,Mukhamadmurod Abdurakhmonov,2016 Summer,163,
356,Adlan Aliyevich Abdurashidov,2016 Summer,78,
357,Yusup Abdusalomov,2004 Summer,289,
357,Yusup Abdusalomov,2008 Summer,285,Silver
357,Yusup Abdusalomov,2012 Summer,285,
359,Andrey Khakimovich Abduvaliyev,1992 Summer,30,Gold
359,Andrey Khakimovich Abduvaliyev,2000 Summer,30,
360,Dzhamolidin Mirgarifanovich Abduzhaparov,1988 Summer,106,
360,Dzhamolidin Mirgarifanovich Abduzhaparov,1996 Summer,106,
361,Aybek Abdymomunov,2004 Summer,70,
362,Isao Ko Abe,1936 Summer,30,
363,Kazumi Abe,1972 Winter,69,
363,Kazumi Abe,1972 Winter,68,
363,Kazumi Abe,1976 Winter,69,
363,Kazumi Abe,1976 Winter,68,
364,Kazuo Abe,1960 Summer,287,
365,Kinya Abe,1992 Summer,123,
366,Kiyoshi Abe,1972 Summer,279,
367,Masashi Abe,1988 Winter,174,
367,Masashi Abe,1988 Winter,172,
367,Masashi Abe,1992 Winter,172,
367,Masashi Abe,1994 Winter,174,Gold
367,Masashi Abe,1994 Winter,172,
368,Naoki Abe,1968 Summer,20,
368,Naoki Abe,1968 Summer,33,
370,Shigeaki Abe,1972 Summer,60,
370,Shigeaki Abe,1976 Summer,60,
371,Shinnosuke Abe,2000 Summer,59,
371,Shinnosuke Abe,2008 Summer,59,
373,Tadashi Abe,1984 Summer,177,
373,Tadashi Abe,1988 Summer,176,
373,Tadashi Abe,1992 Summer,176,
374,Tadatoshi Abe,1960 Summer,156,
375,Wakako Abe,1984 Summer,111,
376,Yoshiyuki Abe,2000 Summer,106,
377,Yuki Abe,2004 Summer,134,
379,Addis Abebe,1992 Summer,24,
379,Addis Abebe,1992 Summer,14,Bronze
380,Biruk Abebe,1992 Summer,106,
380,Biruk Abebe,1992 Summer,102,
381,Benaissa Abed,1988 Summer,72,
383,Mojtaba Abedini Shormasti,2012 Summer,125,
383,Mojtaba Abedini Shormasti,2016 Summer,125,
386,Alexandre Abeid,1972 Summer,260,
386,Alexandre Abeid,1976 Summer,260,
387,Sonia Abejn Esteban,2004 Summer,175,
388,Abel Carlos da Silva Braga,1972 Summer,134,
390,Brooke Abel,2008 Summer,246,
391,Clarence John Abel,1924 Winter,157,Silver
393,Gnther Abel,1976 Winter,172,
393,Gnther Abel,1980 Winter,172,
394,Irene Abel,1972 Summer,151,
394,Irene Abel,1972 Summer,152,Silver
394,Irene Abel,1972 Summer,149,
394,Irene Abel,1972 Summer,150,
394,Irene Abel,1972 Summer,153,
394,Irene Abel,1972 Summer,148,
395,Jennifer Abel,2008 Summer,116,
395,Jennifer Abel,2012 Summer,116,
395,Jennifer Abel,2012 Summer,117,Bronze
395,Jennifer Abel,2016 Summer,116,
395,Jennifer Abel,2016 Summer,117,
396,Katja Abel,2008 Summer,151,
396,Katja Abel,2008 Summer,152,
396,Katja Abel,2008 Summer,149,
396,Katja Abel,2008 Summer,153,
396,Katja Abel,2008 Summer,148,
397,Mara Abel Diguez,2000 Summer,41,
397,Mara Abel Diguez,2004 Summer,55,
402,Arthur Abele,2008 Summer,27,
402,Arthur Abele,2016 Summer,27,
403,Ruth Abeles,1960 Summer,151,
403,Ruth Abeles,1960 Summer,149,
403,Ruth Abeles,1960 Summer,150,
403,Ruth Abeles,1960 Summer,153,
403,Ruth Abeles,1960 Summer,148,
405,Jos Javier Abella Fanjul,2016 Summer,134,
408,Alfonso Abelln Lpez,1988 Summer,34,
410,Edwige Marie Abna Fouda,1996 Summer,46,
411,Gezahgne Abera,2000 Summer,34,Gold
412,Tesfaye Abera Dibaba,2016 Summer,34,
413,Hugo Ral Aberastegui,1968 Summer,177,
413,Hugo Ral Aberastegui,1972 Summer,176,
413,Hugo Ral Aberastegui,1976 Summer,177,
415,Bjrn Olof Conny berg,1992 Winter,137,
416,Nils Georg berg,1912 Summer,33,Bronze
416,Nils Georg berg,1912 Summer,39,Silver
417,Sara Helena berg,1988 Summer,243,
419,Majken berg,1948 Summer,52,
421,Mohamed Aberhoune,2012 Summer,134,
423,Michael Brent Abernathy,2000 Summer,59,Gold
427,Pasqualino Abeti,1972 Summer,18,
428,Elvan Abeylegesse,2004 Summer,40,
428,Elvan Abeylegesse,2004 Summer,50,
428,Elvan Abeylegesse,2008 Summer,50,Silver
428,Elvan Abeylegesse,2008 Summer,41,
429,Ruwani Abeymanne,2000 Summer,211,
429,Ruwani Abeymanne,2000 Summer,212,
430,Matthew Duncan Abeysinghe,2016 Summer,224,
431,Narek Abgaryan,2016 Summer,72,
432,Koutoua Francis Abia,1992 Summer,86,
432,Koutoua Francis Abia,1996 Summer,89,
432,Koutoua Francis Abia,2008 Summer,89,
432,Koutoua Francis Abia,2008 Summer,88,
433,Pablo Abin Vicen,2008 Summer,58,
433,Pablo Abin Vicen,2012 Summer,58,
433,Pablo Abin Vicen,2016 Summer,58,
434,David Abibssira,1984 Summer,203,
435,Silke Abicht,1988 Summer,115,
436,Haithem Abid,1988 Summer,134,
439,Sagat Abikeyeva,2008 Summer,167,
440,Mitsuhiro Abiko,2008 Summer,21,
441,Tomomi Abiko,2012 Summer,56,
444,Camille Anne Franoise Abily,2012 Summer,135,
444,Camille Anne Franoise Abily,2016 Summer,135,
445,Endurance Abinuwa,2012 Summer,46,
446,Bode Abiodun,2016 Summer,248,
447,Firmin Abissi,1980 Summer,70,
447,Firmin Abissi,1984 Summer,70,
448,Sarah Abitbol,1998 Winter,132,
449,Inga Eduardovna Abitova,2008 Summer,41,
450,Ceyhun Abiyev,2004 Summer,74,
451,Diana Monteiro Abla,2016 Summer,263,
452,Enver Nazymovych Ablaiev,2002 Winter,136,
452,Enver Nazymovych Ablaiev,2006 Winter,136,
452,Enver Nazymovych Ablaiev,2010 Winter,136,
455,Denis Mikhaylovich Ablyazin,2012 Summer,147,
455,Denis Mikhaylovich Ablyazin,2012 Summer,140,Bronze
455,Denis Mikhaylovich Ablyazin,2012 Summer,142,Silver
455,Denis Mikhaylovich Ablyazin,2012 Summer,144,
455,Denis Mikhaylovich Ablyazin,2012 Summer,141,
455,Denis Mikhaylovich Ablyazin,2012 Summer,146,
455,Denis Mikhaylovich Ablyazin,2016 Summer,147,Silver
455,Denis Mikhaylovich Ablyazin,2016 Summer,140,
455,Denis Mikhaylovich Ablyazin,2016 Summer,142,Silver
455,Denis Mikhaylovich Ablyazin,2016 Summer,146,Bronze
456,Karin Abma,1976 Summer,184,
457,Thorine Christelle Aboa Mbeza,2016 Summer,261,
458,Felix Ahmed Aboagye,1996 Summer,134,
459,Bukola Dammy Abogunloko,2012 Summer,47,
460,Viktor Andreyevich Aboimov,1972 Summer,232,
460,Viktor Andreyevich Aboimov,1972 Summer,229,Silver
460,Viktor Andreyevich Aboimov,1972 Summer,231,Bronze
460,Viktor Andreyevich Aboimov,1972 Summer,230,
461,Mohamed Aboker,1972 Summer,26,
461,Mohamed Aboker,1972 Summer,13,
462,Ilze bola,1998 Winter,7,
463,Agnese boltia,2014 Winter,9,
463,Agnese boltia,2014 Winter,7,
463,Agnese boltia,2014 Winter,8,
464,Abdul Razzak Aboobakur,1988 Summer,20,
468,Abdelhalim Muhammad Abou,2016 Summer,260,
469,Tarek Abou Al Dahab,1968 Summer,106,
469,Tarek Abou Al Dahab,1968 Summer,107,
469,Tarek Abou Al Dahab,1968 Summer,101,
469,Tarek Abou Al Dahab,1968 Summer,103,
469,Tarek Abou Al Dahab,1972 Summer,106,
469,Tarek Abou Al Dahab,1972 Summer,103,
470,Bachir Hani Abou Assi,1972 Summer,292,
476,Mohamed Moustafa Abou Elea,2000 Summer,278,
477,Mahmoud Abou Elelaa,1984 Summer,260,
479,Zaid Abou Hamed,2000 Summer,23,
481,Gaber Mooti Abou Zeid,1976 Summer,260,
481,Gaber Mooti Abou Zeid,1984 Summer,260,
485,Sadoon Mohamed Aboub,1988 Summer,74,
486,Zakaria Aboub,2000 Summer,134,
488,Ibrahim Mohamedin Aboubaker,2004 Summer,39,
488,Ibrahim Mohamedin Aboubaker,2008 Summer,39,
489,Ahmed Ghmin Aboud,1992 Summer,70,
490,Fathi Khalifa Aboud,1988 Summer,39,
491,Kamel Aboud,1984 Summer,81,
493,Rabah Aboud,2012 Summer,24,
501,Mohamed Mohamed Mohamed Aboutrika,2012 Summer,134,
504,Cheryl Abplanalp,1996 Summer,155,
507,Attila brahm,1988 Summer,86,Bronze
507,Attila brahm,1988 Summer,87,Gold
507,Attila brahm,1992 Summer,87,Silver
509,Gary Abraham,1976 Summer,222,
509,Gary Abraham,1976 Summer,230,
509,Gary Abraham,1980 Summer,222,
509,Gary Abraham,1980 Summer,223,
509,Gary Abraham,1980 Summer,230,Bronze
510,Melita Isidora Abraham Schssler,2016 Summer,187,
511,Tadesse Abraham,2016 Summer,34,
514,Ara Abrahamian,2000 Summer,290,
514,Ara Abrahamian,2004 Summer,286,Silver
514,Ara Abrahamian,2008 Summer,286,
516,Clyde Abrahams,2008 Summer,156,
517,Glen Abrahams Martnez,1984 Summer,15,
517,Glen Abrahams Martnez,1984 Summer,18,
519,Harold Maurice Abrahams,1920 Summer,15,
519,Harold Maurice Abrahams,1920 Summer,18,
519,Harold Maurice Abrahams,1920 Summer,20,
519,Harold Maurice Abrahams,1920 Summer,33,
519,Harold Maurice Abrahams,1924 Summer,15,Gold
519,Harold Maurice Abrahams,1924 Summer,18,
519,Harold Maurice Abrahams,1924 Summer,20,Silver
523,Trond Sevg Abrahamsen,1980 Winter,157,
523,Trond Sevg Abrahamsen,1984 Winter,157,
525,Richard Neal Abrahamson,1972 Summer,154,
525,Richard Neal Abrahamson,1976 Summer,154,
527,Erik Adolf Efraim Abrahamsson,1920 Summer,33,Bronze
528,Karl Gran Abrahamsson,1960 Summer,123,
528,Karl Gran Abrahamsson,1960 Summer,127,
528,Karl Gran Abrahamsson,1960 Summer,128,
528,Karl Gran Abrahamsson,1964 Summer,127,
528,Karl Gran Abrahamsson,1964 Summer,128,
530,Ulf Thommy Abrahamsson,1972 Winter,157,
532,Iason Abramashvili,2006 Winter,3,
532,Iason Abramashvili,2006 Winter,4,
532,Iason Abramashvili,2010 Winter,3,
532,Iason Abramashvili,2010 Winter,4,
532,Iason Abramashvili,2014 Winter,3,
532,Iason Abramashvili,2014 Winter,4,
534,Oleksandr Volodymyrovych Abramenko,2006 Winter,136,
534,Oleksandr Volodymyrovych Abramenko,2010 Winter,136,
534,Oleksandr Volodymyrovych Abramenko,2014 Winter,136,
535,Yevgeny Sergeyevich Abramenko,2010 Winter,63,
535,Yevgeny Sergeyevich Abramenko,2010 Winter,64,
535,Yevgeny Sergeyevich Abramenko,2010 Winter,65,
535,Yevgeny Sergeyevich Abramenko,2010 Winter,66,
535,Yevgeny Sergeyevich Abramenko,2014 Winter,63,
535,Yevgeny Sergeyevich Abramenko,2014 Winter,67,
535,Yevgeny Sergeyevich Abramenko,2014 Winter,64,
535,Yevgeny Sergeyevich Abramenko,2014 Winter,65,
535,Yevgeny Sergeyevich Abramenko,2014 Winter,66,
538,Jernej Abrami,1996 Summer,90,
539,Levan Abramishvili,1994 Winter,4,
539,Levan Abramishvili,1998 Winter,4,
540,Andrey Vasilyevich Abramov,1960 Summer,73,
541,Andrey Viktorovich Abramov,2008 Summer,10,
541,Andrey Viktorovich Abramov,2008 Summer,11,
542,Nikolay Kuzmich Abramov,1964 Summer,34,
543,Pavel Sergeyevich Abramov,2004 Summer,260,Bronze
544,Sergey Mikhaylovich Abramov,1994 Winter,157,
545,Valery Aleksandrovich Abramov,1980 Summer,24,
546,Inna Vladimirovna Abramova,1988 Summer,243,
546,Inna Vladimirovna Abramova,1988 Summer,239,
547,Nelli Mikhaylovna Abramova,1964 Summer,261,Silver
548,Yekaterina Konstantinovna Abramova,2006 Winter,218,
548,Yekaterina Konstantinovna Abramova,2006 Winter,219,
548,Yekaterina Konstantinovna Abramova,2006 Winter,221,Bronze
548,Yekaterina Konstantinovna Abramova,2010 Winter,219,
549,Alen Abramovi,2006 Winter,98,
549,Alen Abramovi,2006 Winter,94,
550,Dmitry Vladimirovich Abramovich,2010 Winter,69,
550,Dmitry Vladimirovich Abramovich,2010 Winter,68,
551,Aliyah Abrams,2016 Summer,48,
552,Colin Winston Abrams,1988 Summer,107,
554,Benik Abramyan,2016 Summer,36,
555,Antnio da Cunha Meneses Martins Abrantes,1988 Summer,26,
555,Antnio da Cunha Meneses Martins Abrantes,1988 Summer,21,
555,Antnio da Cunha Meneses Martins Abrantes,1992 Summer,26,
555,Antnio da Cunha Meneses Martins Abrantes,1996 Summer,26,
556,Arnaldo Lus Isaas Abrantes,2008 Summer,18,
556,Arnaldo Lus Isaas Abrantes,2012 Summer,18,
557,Arnaldo Joaquim Castro Abrantes,1988 Summer,20,
558,David Abrard,1996 Summer,226,
560,Amir Abrashi,2012 Summer,134,
561,Thomas Abratis,1994 Winter,174,
561,Thomas Abratis,1994 Winter,172,
562,Pawe Abratkiewicz,1992 Winter,217,
562,Pawe Abratkiewicz,1992 Winter,215,
562,Pawe Abratkiewicz,1998 Winter,217,
562,Pawe Abratkiewicz,1998 Winter,215,
562,Pawe Abratkiewicz,2002 Winter,217,
562,Pawe Abratkiewicz,2002 Winter,215,
563,Diogo Ferreira Tribolet de Abreu,2016 Summer,257,
564,Eloy Abreu Morales,1976 Summer,281,
565,Glauclio Serro Abreu,2004 Summer,79,
566,Jos Filipe Abreu,1968 Summer,143,
566,Jos Filipe Abreu,1968 Summer,140,
566,Jos Filipe Abreu,1968 Summer,142,
566,Jos Filipe Abreu,1968 Summer,144,
566,Jos Filipe Abreu,1968 Summer,141,
566,Jos Filipe Abreu,1968 Summer,146,
566,Jos Filipe Abreu,1968 Summer,145,
568,Morais Santos Abreu,2008 Summer,62,
569,Paulo Francisco Joazeiro de Abreu,1984 Summer,262,
570,Pedro Abreu Pascal,1980 Summer,60,
571,Rubn Abreu Rivero,1996 Summer,106,
572,Rui Pinto de Abreu,1976 Summer,232,
572,Rui Pinto de Abreu,1976 Summer,231,
572,Rui Pinto de Abreu,1980 Summer,224,
572,Rui Pinto de Abreu,1980 Summer,227,
572,Rui Pinto de Abreu,1980 Summer,222,
573,Franck Abrial,1988 Summer,288,
574,rika Abril Surez,2012 Summer,55,
574,rika Abril Surez,2016 Summer,55,
575,Laura Valentina Abril Restrepo,2012 Summer,110,
578,Bourhan Abro,2016 Summer,234,
579,Anastasiya Aleksandrovna Abrosimova,2016 Summer,259,
580,Svetlana Olegovna Abrosimova,2000 Summer,61,
580,Svetlana Olegovna Abrosimova,2008 Summer,61,Bronze
582,Saypulla Atavovich Absaidov,1980 Summer,287,Gold
583,Julien Absalon,2004 Summer,104,Gold
583,Julien Absalon,2008 Summer,104,Gold
583,Julien Absalon,2012 Summer,104,
583,Julien Absalon,2016 Summer,104,
584,Ayele Abshero Biza,2012 Summer,34,
585,Brian Kenneth Abshire,1988 Summer,19,
586,Tobias Abstreiter,2002 Winter,157,
587,Gudrun Maria Abt,1988 Summer,49,
587,Gudrun Maria Abt,1988 Summer,47,
589,Najmeh Abtin,2008 Summer,12,
590,Mohamed Abu Abdullah,2008 Summer,15,
593,Methkal Marouf Abu Drais,2012 Summer,34,
593,Methkal Marouf Abu Drais,2016 Summer,34,
595,Majed Abu Maraheel,1996 Summer,14,
596,Maher Abu Rmilah,2012 Summer,164,
599,Bektas Abubakirov,1996 Summer,70,
600,Nagmeldin Ali Abubakr,2004 Summer,22,
600,Nagmeldin Ali Abubakr,2008 Summer,22,
601,Sanna Abubkheet,2004 Summer,51,
602,Abudoureheman,2000 Summer,79,
603,Juma Abudu,1988 Summer,264,
606,Roberto Abugattas Aboino,1964 Summer,31,
606,Roberto Abugattas Aboino,1968 Summer,31,
608,Ahmad Abughaush,2016 Summer,251,Gold
609,Fartun Abukar Omar,2004 Summer,42,
611,Mohammed Abukhousa,2016 Summer,15,
612,Mohammad Abulibdeh,2012 Summer,251,
613,Kariman Abuljadayel,2016 Summer,42,
614,Jos Manuel Abundis Sandoval,1996 Summer,134,
615,Abdullah Abuqrais,1984 Summer,114,
615,Abdullah Abuqrais,1984 Summer,113,
616,Shigeru Aburaya,2004 Summer,34,
617,Cristobal Alejandro Aburto Tinoco,2004 Summer,159,
618,Aleksandr Veniaminovich Abushakhmetov,1976 Summer,127,
618,Aleksandr Veniaminovich Abushakhmetov,1976 Summer,128,
618,Aleksandr Veniaminovich Abushakhmetov,1980 Summer,127,
618,Aleksandr Veniaminovich Abushakhmetov,1980 Summer,128,Bronze
619,Magomedgasan Mingazhutdinovich Abushev,1980 Summer,279,Gold
620,Kanat Kalizhanovich Abutalipov,2008 Summer,70,
620,Kanat Kalizhanovich Abutalipov,2012 Summer,70,
622,Ali Abuzamia,1988 Summer,127,
623,Irina Alekseyevna Abysova,2008 Summer,259,
623,Irina Alekseyevna Abysova,2012 Summer,259,
626,Alain Acart,1972 Summer,83,
626,Alain Acart,1976 Summer,83,
627,Andreea Roxana Acatrinei,2008 Summer,151,
627,Andreea Roxana Acatrinei,2008 Summer,152,Bronze
627,Andreea Roxana Acatrinei,2008 Summer,149,
627,Andreea Roxana Acatrinei,2008 Summer,148,
628,Jacques Accambray,1972 Summer,30,
628,Jacques Accambray,1976 Summer,30,
629,William Accambray,2012 Summer,154,Gold
633,Martina Accola,1994 Winter,8,
633,Martina Accola,1998 Winter,8,
634,Paul Accola,1988 Winter,4,
634,Paul Accola,1988 Winter,1,Bronze
634,Paul Accola,1992 Winter,2,
634,Paul Accola,1992 Winter,5,
634,Paul Accola,1992 Winter,3,
634,Paul Accola,1992 Winter,4,
634,Paul Accola,1992 Winter,1,
634,Paul Accola,1994 Winter,5,
634,Paul Accola,1994 Winter,3,
634,Paul Accola,1994 Winter,4,
634,Paul Accola,1994 Winter,1,
634,Paul Accola,1998 Winter,5,
634,Paul Accola,1998 Winter,3,
634,Paul Accola,1998 Winter,4,
634,Paul Accola,1998 Winter,1,
634,Paul Accola,2002 Winter,5,
634,Paul Accola,2002 Winter,1,
637,Eusebio Acea Colarte,2000 Summer,183,
641,Jos Aceituno,1960 Summer,24,
643,Marco Acerbi,1972 Summer,16,
644,Claudia Acerenza Marez,1988 Summer,42,
644,Claudia Acerenza Marez,1988 Summer,44,
646,Anibl Santiago Acevedo,1992 Summer,81,Bronze
648,Fabio Acevedo,1972 Summer,106,
648,Fabio Acevedo,1972 Summer,102,
649,Fernando Acevedo Portugues,1968 Summer,18,
649,Fernando Acevedo Portugues,1972 Summer,22,
650,Javier Carlos Acevedo,2016 Summer,222,
650,Javier Carlos Acevedo,2016 Summer,230,
651,Jos Eduardo Acevedo Herrera,2008 Summer,18,
652,Nicole Jocelin Acevedo Tangarife,2016 Summer,191,
653,Sharon Evelin Acevedo Tangarife,2016 Summer,191,
654,Daniel Aceves Villagrn,1984 Summer,282,Silver
655,Roberto Aceves Villagrn,1984 Summer,280,
656,David Laurence Acfield,1968 Summer,126,
656,David Laurence Acfield,1972 Summer,126,
658,Jaouad Achab,2016 Summer,251,
660,Karem Faride Achach Ramrez,2016 Summer,244,
661,Emilio Achacoso,1960 Summer,60,
663,Sharath Kamal Achanta,2004 Summer,247,
663,Sharath Kamal Achanta,2008 Summer,247,
663,Sharath Kamal Achanta,2016 Summer,247,
664,Kieron Robert Achara,2012 Summer,60,
666,Aziz Acharki,2000 Summer,251,
668,Gemma Acheampong,2016 Summer,46,
669,Joachim Yaw Acheampong,1992 Summer,134,Bronze
670,Alfred Achermann,1984 Summer,102,Silver
671,Ghassan Achi,2010 Winter,3,
671,Ghassan Achi,2010 Winter,4,
672,Wilson Achia,1984 Summer,34,
673,Abdel Hak Achik,1988 Summer,71,Bronze
674,Mohamed Abdelhak Achik,1988 Summer,70,
674,Mohamed Abdelhak Achik,1992 Summer,70,Bronze
674,Mohamed Abdelhak Achik,1996 Summer,71,
679,Ioan Valeriu Achiriloaie,2014 Winter,2,
679,Ioan Valeriu Achiriloaie,2014 Winter,1,
680,Rita Nikolayevna Achkina,1964 Winter,100,
680,Rita Nikolayevna Achkina,1968 Winter,100,
680,Rita Nikolayevna Achkina,1968 Winter,99,Bronze
681,Janet Achola,2012 Summer,40,
682,Julius Achon,1996 Summer,13,
682,Julius Achon,2000 Summer,13,
683,Natalie Chioma Achonwa,2012 Summer,61,
683,Natalie Chioma Achonwa,2016 Summer,61,
684,Ahmed Mohamed Achouche,1984 Summer,36,
684,Ahmed Mohamed Achouche,1988 Summer,36,
685,Dallal Merwa Achour,2012 Summer,261,
686,Khaled Achour,1976 Summer,154,
689,Roger Achten,1956 Summer,127,
689,Roger Achten,1956 Summer,128,
689,Roger Achten,1960 Summer,127,
689,Roger Achten,1960 Summer,128,
690,Chantal Achterberg,2012 Summer,184,Bronze
690,Chantal Achterberg,2016 Summer,188,Silver
693,Gabriel Achy Assi,1964 Summer,78,
695,Ricardo Augusto Amaral Acioly,1988 Summer,256,
698,Paul Douglas Ackerley,1976 Summer,156,Gold
701,Georg Ackermann,1996 Summer,33,
702,Ronny Ackermann,1998 Winter,174,
702,Ronny Ackermann,1998 Winter,172,
702,Ronny Ackermann,2002 Winter,174,Silver
702,Ronny Ackermann,2002 Winter,172,
702,Ronny Ackermann,2002 Winter,173,Silver
702,Ronny Ackermann,2006 Winter,174,Silver
702,Ronny Ackermann,2006 Winter,172,
702,Ronny Ackermann,2006 Winter,173,
705,Donat Acklin,1988 Winter,69,
705,Donat Acklin,1992 Winter,69,Gold
705,Donat Acklin,1992 Winter,68,Bronze
705,Donat Acklin,1994 Winter,69,Gold
705,Donat Acklin,1994 Winter,68,Silver
706,Guido Acklin,1994 Winter,69,Silver
706,Guido Acklin,1998 Winter,69,
706,Guido Acklin,2002 Winter,68,
707,Urban Acman,2000 Summer,20,
709,Asuncin Acosta Galano,1972 Summer,48,
709,Asuncin Acosta Galano,1972 Summer,47,
710,Bryan Josu Acosta Ramos,2016 Summer,134,
713,Jos Eugenio Acosta,1968 Summer,121,
713,Jos Eugenio Acosta,1968 Summer,122,
713,Jos Eugenio Acosta,1972 Summer,121,
713,Jos Eugenio Acosta,1972 Summer,122,
715,Julio Csar Acosta Gonzlez,2016 Summer,264,
716,Lautaro Germn Acosta,2008 Summer,134,Gold
717,Leopoldo Acosta,1984 Summer,26,
718,Luis Angel Acosta,1968 Summer,222,
718,Luis Angel Acosta,1968 Summer,225,
719,Luz Mercedes Acosta Valdez,2008 Summer,275,
719,Luz Mercedes Acosta Valdez,2012 Summer,275,
721,Mara Jos Acosta Acosta,2016 Summer,296,
723,Osmay Acosta Duarte,2008 Summer,73,Bronze
724,Pedro Javier Acosta Snchez,1980 Summer,134,
725,Roslandy del Valle Acosta Alvarado,2008 Summer,261,
726,Tanya Acosta,2016 Summer,261,
729,Robert Acquafresca,2008 Summer,134,
730,Edward Acquah,1964 Summer,134,
731,Oliver Acquah,1968 Summer,134,
731,Oliver Acquah,1972 Summer,134,
738,Crox Ernesto Acua Rodrguez,2008 Summer,227,
738,Crox Ernesto Acua Rodrguez,2012 Summer,229,
739,Jorge Acua,1972 Summer,72,
742,Roberto Acua,2016 Summer,60,
743,Arslanbek Aylow,2016 Summer,79,
745,Kazimierz Piotr Adach,1980 Summer,78,Bronze
746,Goro Adachi,1932 Winter,213,
746,Goro Adachi,1936 Winter,213,
747,Kiyoshi Adachi,1936 Summer,35,
748,Mariko Adachi,2012 Summer,259,
749,Miho Adachi,2004 Summer,91,
750,Seiya Adachi,2016 Summer,262,
751,Takumi Adachi,1992 Summer,279,
753,Yurie Adachi,2014 Winter,158,
754,Craig Robert Adair,1984 Summer,101,
754,Craig Robert Adair,1984 Summer,108,
755,Ali Enver Adakan,2000 Summer,192,
755,Ali Enver Adakan,2004 Summer,192,
756,Adalberto Pereira da Silva,2004 Summer,154,
759,Ahmed Adam,2008 Summer,234,
760,Constantin Adam,2016 Summer,179,
761,Gal Adam,2008 Summer,224,
763,Herman Adam Negrete,1988 Summer,20,
764,Idrissa Adam,2012 Summer,15,
766,Ji Adam,1976 Summer,169,
766,Ji Adam,1976 Summer,170,Silver
766,Ji Adam,1980 Summer,128,
768,Joseph Adam,1992 Summer,22,
769,Leonie Adam,2016 Summer,258,
770,Marcus Adam,1992 Summer,15,
770,Marcus Adam,1992 Summer,18,
770,Marcus Adam,1992 Summer,20,
770,Marcus Adam,2002 Winter,69,
771,Marianne Adam,1972 Summer,57,
771,Marianne Adam,1976 Summer,57,
773,Moustafa Adam,1988 Summer,169,
773,Moustafa Adam,1988 Summer,170,
773,Moustafa Adam,1992 Summer,169,
773,Moustafa Adam,1992 Summer,170,
779,Shuaib Adam,1984 Summer,201,
779,Shuaib Adam,1988 Summer,199,
779,Shuaib Adam,1988 Summer,201,
779,Shuaib Adam,1992 Summer,199,
779,Shuaib Adam,1992 Summer,201,
780,Tony Adam,2004 Summer,113,
781,Ahmed Adam Salah,1996 Summer,34,
782,Samba Adama,1988 Summer,286,
782,Samba Adama,1988 Summer,285,
783,Stefan Adamczak,1924 Summer,35,
784,Matthias Adamczewski,1988 Summer,194,
785,Dariusz Adamczuk,1992 Summer,134,Silver
786,Adam Eucharyst Adamczyk,1972 Summer,165,
786,Adam Eucharyst Adamczyk,1976 Summer,165,
787,Edward Adamczyk,1948 Summer,33,
787,Edward Adamczyk,1948 Summer,27,
788,Lubo Adamec,1988 Summer,207,
788,Lubo Adamec,1992 Summer,207,
789,Petr Adamec,1980 Summer,227,
789,Petr Adamec,1980 Summer,232,
789,Petr Adamec,1980 Summer,231,
790,Mara Teresa Adames,1960 Summer,116,
790,Mara Teresa Adames,1960 Summer,115,
794,Janusz Andrzej Adamiec,1984 Winter,157,
794,Janusz Andrzej Adamiec,1988 Winter,157,
794,Janusz Andrzej Adamiec,1992 Winter,157,
795,Tomasz Adamiec,2008 Summer,161,
795,Tomasz Adamiec,2012 Summer,164,
797,Zoltn Adamik,1952 Summer,22,
797,Zoltn Adamik,1952 Summer,21,
798,Pirouz Adamiyat,1972 Summer,127,
799,Nafissatou Moussa Adamou,2012 Summer,243,
800,Georgi Mirchev Adamov,1964 Summer,143,
800,Georgi Mirchev Adamov,1964 Summer,147,
800,Georgi Mirchev Adamov,1964 Summer,140,
800,Georgi Mirchev Adamov,1964 Summer,142,
800,Georgi Mirchev Adamov,1964 Summer,144,
800,Georgi Mirchev Adamov,1964 Summer,141,
800,Georgi Mirchev Adamov,1964 Summer,146,
800,Georgi Mirchev Adamov,1964 Summer,145,
800,Georgi Mirchev Adamov,1968 Summer,143,
800,Georgi Mirchev Adamov,1968 Summer,147,
800,Georgi Mirchev Adamov,1968 Summer,140,
800,Georgi Mirchev Adamov,1968 Summer,142,
800,Georgi Mirchev Adamov,1968 Summer,144,
800,Georgi Mirchev Adamov,1968 Summer,141,
800,Georgi Mirchev Adamov,1968 Summer,146,
800,Georgi Mirchev Adamov,1968 Summer,145,
801,Tatyana Pavlovna Adamovich,1972 Summer,129,
802,Tadeusz Ralf Adamowski,1928 Winter,157,
804,Antoine Xavier Adams,2012 Summer,15,
804,Antoine Xavier Adams,2012 Summer,18,
804,Antoine Xavier Adams,2012 Summer,20,
804,Antoine Xavier Adams,2016 Summer,15,
804,Antoine Xavier Adams,2016 Summer,18,
804,Antoine Xavier Adams,2016 Summer,20,
809,Brian Adams,1976 Summer,17,
812,David Dixie Adams,2000 Summer,256,
821,Keith Adams,1972 Summer,270,
823,Liam Adams,2016 Summer,34,
824,Luke Kendall Adams,2004 Summer,17,
824,Luke Kendall Adams,2008 Summer,17,
824,Luke Kendall Adams,2008 Summer,25,
824,Luke Kendall Adams,2012 Summer,25,
826,Lyukman Rasakovich Adams,2012 Summer,39,
827,Mareike Adams,2016 Summer,186,
828,Maureen Adams,1976 Summer,12,
830,Adrian Neil Adams,1980 Summer,164,Silver
830,Adrian Neil Adams,1984 Summer,162,Silver
830,Adrian Neil Adams,1988 Summer,162,
832,Nicola Virginia Adams,2012 Summer,82,Gold
832,Nicola Virginia Adams,2016 Summer,82,Gold
833,Odalys Adams Castillo,1992 Summer,43,
834,Paul Adams,2016 Summer,204,
836,Platt Adams,1908 Summer,37,
836,Platt Adams,1908 Summer,38,
836,Platt Adams,1908 Summer,39,
836,Platt Adams,1908 Summer,28,
836,Platt Adams,1908 Summer,29,
836,Platt Adams,1912 Summer,31,
836,Platt Adams,1912 Summer,37,Gold
836,Platt Adams,1912 Summer,38,Silver
836,Platt Adams,1912 Summer,39,
837,Rachael Alexis Adams,2016 Summer,261,Bronze
838,Ralph Andrew Adams,1928 Summer,15,
838,Ralph Andrew Adams,1928 Summer,18,
838,Ralph Andrew Adams,1928 Summer,20,
841,Walter Adams,1968 Summer,26,
841,Walter Adams,1972 Summer,26,
847,Morten Gundro Adamsen,2004 Summer,181,
848,Antoni Adamski,1952 Summer,156,
849,Filip Kamil Adamski,2008 Summer,179,
849,Filip Kamil Adamski,2012 Summer,176,Gold
851,Jerzy Adamski,1960 Summer,71,Silver
853,Per Anders Adamson,1980 Summer,106,
853,Per Anders Adamson,1980 Summer,102,
854,Derrick Adamson,1984 Summer,34,
854,Derrick Adamson,1988 Summer,34,
856,Per Owe Adamson,1960 Summer,106,
856,Per Owe Adamson,1960 Summer,102,
858,Charles Adamu,2000 Summer,75,
860,Dariusz Adamus,1980 Summer,32,
861,Jos Carlos Adn Arias,1992 Summer,14,
862,Nenita Adan,1988 Summer,49,
863,Aboukar Hassan Adani,1988 Summer,24,
863,Aboukar Hassan Adani,1996 Summer,24,
864,Yasemin Adar,2016 Summer,295,
871,Berkane Lakhdar Adda,1980 Summer,162,
873,Mehdi Addadi,2000 Summer,222,
873,Mehdi Addadi,2000 Summer,223,
876,Jean Renaud Adde,2008 Summer,121,
876,Jean Renaud Adde,2008 Summer,122,
877,Yannick Adde,1992 Summer,196,
878,Hamida Addche,1960 Summer,14,
879,Corran Descy Addison,1992 Summer,90,
880,Roy Addison,1960 Summer,79,
882,Simon Addo,1992 Summer,134,Bronze
882,Simon Addo,1996 Summer,134,
887,James Aryee Addy,1960 Summer,21,
887,James Aryee Addy,1964 Summer,22,
887,James Aryee Addy,1964 Summer,21,
887,James Aryee Addy,1968 Summer,18,
887,James Aryee Addy,1968 Summer,20,
887,James Aryee Addy,1972 Summer,18,
887,James Aryee Addy,1972 Summer,20,
888,Jangy McKinley Addy,2008 Summer,27,
888,Jangy McKinley Addy,2012 Summer,27,
889,Mercy Addy,1984 Summer,48,
889,Mercy Addy,1984 Summer,47,
889,Mercy Addy,1988 Summer,46,
889,Mercy Addy,1996 Summer,48,
892,Peter Adeberg,1988 Winter,217,
892,Peter Adeberg,1988 Winter,215,
892,Peter Adeberg,1988 Winter,216,
892,Peter Adeberg,1992 Winter,217,
892,Peter Adeberg,1992 Winter,215,
892,Peter Adeberg,1992 Winter,216,
892,Peter Adeberg,1994 Winter,217,
892,Peter Adeberg,1994 Winter,215,
892,Peter Adeberg,1994 Winter,216,
892,Peter Adeberg,1998 Winter,217,
892,Peter Adeberg,1998 Winter,215,
892,Peter Adeberg,1998 Winter,216,
894,James Adede,2016 Summer,269,
896,Olubayo Adefemi,2008 Summer,134,Silver
897,Lawrence Adegbeingbe,1984 Summer,20,
901,Amos Ojo Adekunle,1988 Summer,284,
901,Amos Ojo Adekunle,1992 Summer,284,
902,Odunayo Folasade Adekuoroye,2016 Summer,294,
903,Carolyn Adel,1996 Summer,237,
903,Carolyn Adel,1996 Summer,241,
903,Carolyn Adel,1996 Summer,238,
903,Carolyn Adel,1996 Summer,242,
903,Carolyn Adel,2000 Summer,238,
903,Carolyn Adel,2000 Summer,242,
906,Peter Adelaar,1980 Summer,163,
906,Peter Adelaar,1980 Summer,166,
907,Irfan Adelbi,1984 Summer,210,
909,Andr Adelheim,1928 Summer,23,
909,Andr Adelheim,1932 Summer,23,
911,Antoine Adelisse,2014 Winter,138,
912,Beatrice Adelizzi,2008 Summer,244,
915,Abrar Osman Adem,2012 Summer,24,
915,Abrar Osman Adem,2016 Summer,24,
916,Biko Adema,2016 Summer,190,
917,Joost Adema,1984 Summer,180,
918,Ademir Roque Kaefer,1984 Summer,134,Silver
918,Ademir Roque Kaefer,1988 Summer,134,Silver
919,Hoche Yaya Aden,1988 Summer,13,
920,Ibrahim Mohamed Aden Gedi,1996 Summer,26,
920,Ibrahim Mohamed Aden Gedi,2000 Summer,13,
921,Jama Awil Aden,1972 Summer,34,
922,Jama Mohamed Aden,1984 Summer,26,
922,Jama Mohamed Aden,1984 Summer,13,
922,Jama Mohamed Aden,1988 Summer,13,
923,Olapade Charles Adeniken,1988 Summer,15,
923,Olapade Charles Adeniken,1988 Summer,18,
923,Olapade Charles Adeniken,1988 Summer,20,
923,Olapade Charles Adeniken,1992 Summer,15,
923,Olapade Charles Adeniken,1992 Summer,18,
923,Olapade Charles Adeniken,1992 Summer,20,Silver
923,Olapade Charles Adeniken,1996 Summer,15,
924,Aminat Oluwafunmilayo Adeniyi,2016 Summer,297,
925,Adenzia Aparecida Ferreira da Silva,2012 Summer,261,Gold
925,Adenzia Aparecida Ferreira da Silva,2016 Summer,261,
926,Esau Adenji,1968 Summer,24,
926,Esau Adenji,1972 Summer,24,
926,Esau Adenji,1972 Summer,19,
927,Margaret Adetutu Adeoye,2012 Summer,44,
928,Alfred Ader,1924 Summer,126,
929,Berhane Adere Debala,1996 Summer,41,
929,Berhane Adere Debala,2000 Summer,41,
929,Berhane Adere Debala,2008 Summer,55,
934,Adeoye Adetunji,1980 Summer,76,
936,Isiaq Adeyanju,1984 Summer,20,
936,Isiaq Adeyanju,1988 Summer,15,
936,Isiaq Adeyanju,1988 Summer,18,
936,Isiaq Adeyanju,1988 Summer,20,
938,Cary Glen Adgate,1976 Winter,3,
938,Cary Glen Adgate,1976 Winter,4,
938,Cary Glen Adgate,1980 Winter,3,
939,Kamal Bahadur Adhikari,2008 Summer,268,
941,Paul Adiga,1972 Summer,156,
942,Moriam Seun Adigun,2012 Summer,43,
943,Arman Adikyan,2008 Summer,293,
944,Haydy Morsy Adil,2016 Summer,171,
945,Mirza Adil,1960 Summer,270,
946,Adel Mohamed Adili,1996 Summer,34,
946,Adel Mohamed Adili,2000 Summer,34,
947,Adilson de Freitas Nascimento,1972 Summer,60,
947,Adilson de Freitas Nascimento,1980 Summer,60,
947,Adilson de Freitas Nascimento,1984 Summer,60,
948,Hammed Adio,1980 Summer,15,
948,Hammed Adio,1980 Summer,18,
948,Hammed Adio,1980 Summer,20,
951,Evelyn Adiru,1984 Summer,51,
953,Franck Adisson,1992 Summer,85,Bronze
953,Franck Adisson,1996 Summer,85,Gold
953,Franck Adisson,2000 Summer,85,
954,Adiyasambuu Tsolmon,2016 Summer,168,
959,Christian Donfack Adjoufack,2012 Summer,75,
963,Derrick Ralph Adkins,1996 Summer,23,Gold
965,Alan Adler,1984 Summer,195,
965,Alan Adler,1988 Summer,195,
965,Alan Adler,1992 Summer,195,
966,Daniel Adler,1984 Summer,194,Silver
966,Daniel Adler,1988 Summer,194,
966,Daniel Adler,1992 Summer,194,
967,Egon Adler,1960 Summer,106,
967,Egon Adler,1960 Summer,102,Silver
970,Lena Kristina Adler,1960 Summer,151,
970,Lena Kristina Adler,1960 Summer,152,
970,Lena Kristina Adler,1960 Summer,149,
970,Lena Kristina Adler,1960 Summer,150,
970,Lena Kristina Adler,1960 Summer,153,
970,Lena Kristina Adler,1960 Summer,148,
971,Uwe Adler,1964 Summer,169,
971,Uwe Adler,1964 Summer,170,
979,Hans Adlhoch,1976 Summer,209,
979,Hans Adlhoch,1976 Summer,208,
981,Katrin Adlkofer,1988 Summer,197,
981,Katrin Adlkofer,1996 Summer,197,
984,Jane Admans,1980 Summer,236,
985,Megra Admassou,1960 Summer,106,
987,Khadour Adnan,1996 Summer,75,
989,Gadi Ado,1960 Summer,22,
989,Gadi Ado,1960 Summer,20,
991,Christopher Silas Adolf,2000 Summer,15,
993,Ruth Adolf,1964 Winter,6,
993,Ruth Adolf,1964 Winter,7,
996,Karl Tage Herbert Adolfsson,1928 Summer,31,
997,Lars Olof Melker Adolfsson,1988 Summer,162,
997,Lars Olof Melker Adolfsson,1992 Summer,162,
998,ke Ronnie Adolfsson,1980 Winter,63,
998,ke Ronnie Adolfsson,1980 Winter,65,
998,ke Ronnie Adolfsson,1980 Winter,66,
998,ke Ronnie Adolfsson,1984 Winter,63,
998,ke Ronnie Adolfsson,1984 Winter,65,
998,ke Ronnie Adolfsson,1984 Winter,66,
999,Sune Roland Adolfsson,1976 Winter,65,
999,Sune Roland Adolfsson,1976 Winter,66,
1000,Dainius Adomaitis,2000 Summer,60,Bronze
1001,Svajnas Adomaitis,2004 Summer,280,
1002,Daniel Adomako,2000 Summer,21,
1003,Lena Annika Adomat,1980 Summer,151,
1003,Lena Annika Adomat,1980 Summer,149,
1003,Lena Annika Adomat,1980 Summer,150,
1003,Lena Annika Adomat,1980 Summer,153,
1003,Lena Annika Adomat,1980 Summer,148,
1003,Lena Annika Adomat,1984 Summer,151,
1003,Lena Annika Adomat,1984 Summer,149,
1003,Lena Annika Adomat,1984 Summer,150,
1003,Lena Annika Adomat,1984 Summer,153,
1003,Lena Annika Adomat,1984 Summer,148,
1004,Aurimas Adomaviius,2016 Summer,183,
1005,Neil Isaac Adonis,2000 Summer,59,
1008,Jnos Adorjn,1972 Summer,154,
1009,William Adornado,1972 Summer,60,
1011,Omar Adorno,1996 Summer,72,
1012,Rubn Adorno Melndez,1964 Summer,60,
1012,Rubn Adorno Melndez,1968 Summer,60,
1013,Barthelmy Adoukonu,1980 Summer,71,
1014,Martin Natchaba Adouna,1972 Summer,33,
1018,Vera Adrian,2016 Summer,111,
1020,Adriana Aparecida dos Santos,1992 Summer,61,
1020,Adriana Aparecida dos Santos,1996 Summer,61,Silver
1020,Adriana Aparecida dos Santos,2000 Summer,61,Bronze
1022,Sharnol Leonard Adriana,2000 Summer,59,
1022,Sharnol Leonard Adriana,2004 Summer,59,
1022,Sharnol Leonard Adriana,2008 Summer,59,
1024,Elisngela Maria Adriano,1996 Summer,57,
1024,Elisngela Maria Adriano,2004 Summer,57,
1024,Elisngela Maria Adriano,2004 Summer,52,
1024,Elisngela Maria Adriano,2008 Summer,52,
1025,Attila Adrovicz,1996 Summer,87,Silver
1026,Carlos Adsera Puig,1968 Winter,4,
1030,Martha Adusei,2000 Summer,42,
1030,Martha Adusei,2000 Summer,46,
1031,Aduuchiin Baatarkh,1980 Summer,290,
1032,Serhiy Mykolaiovych Advena,2004 Summer,231,
1032,Serhiy Mykolaiovych Advena,2004 Summer,226,
1032,Serhiy Mykolaiovych Advena,2008 Summer,227,
1032,Serhiy Mykolaiovych Advena,2008 Summer,226,
1033,Adyaagiin Jgdernamjil,1980 Summer,265,
1034,Viktoriya Adyeva,2002 Winter,158,
1035,Erkin Adylbek uulu,2016 Summer,75,
1036,Olga Olegovna Adzhigerskaya,2008 Summer,155,
1037,Rustam Iwanovych Adzhy,1996 Summer,288,
1037,Rustam Iwanovych Adzhy,2000 Summer,293,
1038,orbergur Aalsteinsson,1984 Summer,154,
1040,Urs Aeberhard,2002 Winter,68,
1044,David Aebischer,2002 Winter,157,
1044,David Aebischer,2006 Winter,157,
1045,Christian Aebli,2006 Winter,68,
1046,Klaus Aeffke,1964 Summer,176,Silver
1048,Eduard Aellig,1972 Summer,160,
1050,Hansjrg Aemisegger,1976 Summer,106,
1052,Jasper Aerents,2012 Summer,234,
1052,Jasper Aerents,2012 Summer,229,
1052,Jasper Aerents,2016 Summer,234,
1052,Jasper Aerents,2016 Summer,229,
1053,Luca Aerni,2014 Winter,4,
1055,Katrien Aerts,2014 Winter,139,
1056,Mario Aerts,2008 Summer,106,
1057,Sara Aerts,2012 Summer,53,
1058,Andreas Aeschbach,1992 Summer,105,
1059,Marianne Aeschbacher,1992 Summer,245,
1059,Marianne Aeschbacher,1992 Summer,244,
1059,Marianne Aeschbacher,1996 Summer,246,
1060,Marita Aeschbacher,1972 Summer,118,
1060,Marita Aeschbacher,1972 Summer,119,
1063,Peter Aeschlimann,1972 Winter,157,
1067,Hamed Afagh Eslamieh,2008 Summer,60,
1069,Nikolay Konstantinovich Afanasyev,1996 Summer,27,
1070,Valery Yevgenyevich Afanasyev,1968 Summer,194,
1071,Kseniya Dmitriyevna Afanasyeva,2008 Summer,151,
1071,Kseniya Dmitriyevna Afanasyeva,2008 Summer,152,
1071,Kseniya Dmitriyevna Afanasyeva,2008 Summer,149,
1071,Kseniya Dmitriyevna Afanasyeva,2008 Summer,153,
1071,Kseniya Dmitriyevna Afanasyeva,2008 Summer,148,
1071,Kseniya Dmitriyevna Afanasyeva,2012 Summer,152,Silver
1071,Kseniya Dmitriyevna Afanasyeva,2012 Summer,149,
1071,Kseniya Dmitriyevna Afanasyeva,2012 Summer,148,
1073,Mustapha Afandi,1984 Summer,106,
1074,Khairulnizam Mohd Afendy,2012 Summer,192,
1074,Khairulnizam Mohd Afendy,2016 Summer,192,
1075,Abel Aferalign,2004 Summer,70,
1078,Franois Jacques Affolter,2012 Summer,134,
1079,Konrad Affolter,1980 Summer,154,
1080,Ahmed Afghan,1988 Summer,289,
1081,Alessia Afi Dipol,2014 Winter,7,
1081,Alessia Afi Dipol,2014 Winter,8,
1082,Ahmed Afifi,2016 Summer,260,
1084,Shimaa Afifi,2000 Summer,254,
1085,Maksim Sergeyevich Afinogenov,2002 Winter,157,Bronze
1085,Maksim Sergeyevich Afinogenov,2006 Winter,157,
1085,Maksim Sergeyevich Afinogenov,2010 Winter,157,
1086,Madjid Aflaki Khamesh,2000 Summer,253,
1087,Evelina Afoa,2016 Summer,235,
1089,Vladimir Afonin,1972 Summer,24,
1091,Nuno Miguel Figueiredo Afonso,1996 Summer,134,
1092,Paixo Afonso,2016 Summer,193,
1093,Marina Anatolyevna Aframeyeva,2016 Summer,118,
1095,Cecil Sebastian Afrika,2016 Summer,190,Bronze
1096,Hannah Afriyie,1972 Summer,42,
1096,Hannah Afriyie,1972 Summer,44,
1097,Georgios Afroudakis,1996 Summer,262,
1097,Georgios Afroudakis,2000 Summer,262,
1097,Georgios Afroudakis,2004 Summer,262,
1097,Georgios Afroudakis,2008 Summer,262,
1097,Georgios Afroudakis,2012 Summer,262,
1098,Khristos Afroudakis,2004 Summer,262,
1098,Khristos Afroudakis,2008 Summer,262,
1098,Khristos Afroudakis,2012 Summer,262,
1098,Khristos Afroudakis,2016 Summer,262,
1099,Mehrdad Afsharian Tarshiz,1992 Summer,103,
1099,Mehrdad Afsharian Tarshiz,1992 Summer,108,
1102,Muhammad Afzal,1964 Summer,292,
1103,Muhammad Afzal,1988 Summer,15,
1103,Muhammad Afzal,1988 Summer,18,
1103,Muhammad Afzal,1988 Summer,21,
1104,Muhammad Afzal Manna,1964 Summer,156,Silver
